SET SQL_MODE = "NO_AUTO_VALUE_ON_ZERO";
START TRANSACTION;
SET time_zone = "+00:00";

DROP TABLE IF EXISTS `quantite`;
CREATE TABLE IF NOT EXISTS `quantite` (
  `idP` int NOT NULL,
  `quantite` varchar(100) DEFAULT NULL,
  `estimation` float DEFAULT NULL,
  PRIMARY KEY (`idP`)
) ENGINE=MyISAM DEFAULT CHARSET=utf8mb4 COLLATE=utf8mb4_0900_ai_ci;

DROP TABLE IF EXISTS `produits`;
CREATE TABLE IF NOT EXISTS `produits` (
  `idP` bigint UNSIGNED NOT NULL AUTO_INCREMENT,
  `nomP` varchar(100) DEFAULT NULL,
  `contenanceP` float DEFAULT NULL,
  `description` varchar(255) DEFAULT NULL,
  `alerte` varchar(255) DEFAULT NULL,
  PRIMARY KEY (`idP`),
  UNIQUE KEY `idP` (`idP`)
) ENGINE=MyISAM AUTO_INCREMENT=79 DEFAULT CHARSET=utf8mb4 COLLATE=utf8mb4_0900_ai_ci;

DROP TABLE IF EXISTS `graphique`;
CREATE TABLE IF NOT EXISTS `graphique` (
  `idP` int NOT NULL,
  `valeur` varchar(100) DEFAULT NULL,
  `date` datetime DEFAULT CURRENT_TIMESTAMP,
  `ecart` FLOAT DEFAULT NULL
) ENGINE=MyISAM DEFAULT CHARSET=utf8mb4 COLLATE=utf8mb4_0900_ai_ci;

DROP TRIGGER IF EXISTS `ajuster_quantite_avant_insert`;
DELIMITER $$
CREATE TRIGGER `ajuster_quantite_avant_insert` BEFORE INSERT ON `quantite` FOR EACH ROW BEGIN
    DECLARE contenance FLOAT;

    SELECT contenanceP INTO contenance FROM Produits WHERE idP = NEW.idP;

    IF contenance > 0 THEN 
        SET NEW.quantite = CEIL(NEW.estimation / contenance);
    END IF;
END
$$
DELIMITER ;
DROP TRIGGER IF EXISTS `ajuster_quantite_avant_update`;
DELIMITER $$
CREATE TRIGGER `ajuster_quantite_avant_update` BEFORE UPDATE ON `quantite` FOR EACH ROW BEGIN
    DECLARE contenance FLOAT;

    SELECT contenanceP INTO contenance FROM Produits WHERE idP = NEW.idP;

    IF contenance > 0 THEN
        SET NEW.quantite = CEIL(NEW.estimation / contenance);
    END IF;
END
$$
DELIMITER ;
DROP TRIGGER IF EXISTS `apres_mise_a_jour_estimation`;
DELIMITER $$
CREATE TRIGGER `apres_mise_a_jour_estimation` AFTER UPDATE ON `quantite` FOR EACH ROW BEGIN
    IF NEW.estimation <> OLD.estimation THEN
        INSERT INTO graphique (idP, valeur, date)
        VALUES (NEW.idP, NEW.estimation, CURRENT_TIMESTAMP);
    END IF;
END
$$
DELIMITER ;
DROP TRIGGER IF EXISTS `estimation_non_negative`;
DELIMITER $$
CREATE TRIGGER `estimation_non_negative` BEFORE UPDATE ON `quantite` FOR EACH ROW BEGIN
    IF NEW.estimation < 0 THEN
        SET NEW.estimation = 0;
    END IF;
END
$$
DELIMITER ;
DROP TRIGGER IF EXISTS `calculer_ecart`;
DELIMITER $$
CREATE TRIGGER calculer_ecart
BEFORE INSERT ON graphique
FOR EACH ROW
BEGIN
    DECLARE derniereValeur FLOAT;
    
    SELECT valeur INTO derniereValeur
    FROM graphique
    WHERE idP = NEW.idP
    ORDER BY date DESC
    LIMIT 1;
    
    IF derniereValeur IS NOT NULL THEN
        SET NEW.ecart = ABS(NEW.valeur - derniereValeur);
    END IF;
END$$
DELIMITER ;
COMMIT;

INSERT INTO `produits` (`idP`, `nomP`, `contenanceP`, `description`, `alerte`) VALUES
(1, '300', 1000, '', '500'),
(2, '301', 3500, '', '1000'),
(3, '302', 1000, '', '500'),
(4, '308', 500, '', '300'),
(5, '310', 500, '', '300'),
(6, '311', 1000, '', '500'),
(7, '312', 500, '', '300'),
(8, '313', 500, '', '300'),
(9, '314', 500, '', '300'),
(10, '315', 500, '', '300'),
(11, '316', 1000, '', '500'),
(12, '317', 500, '', '300'),
(13, '320', 500, '', '300'),
(14, '321', 1000, '', '500'),
(15, '322', 1000, '', '500'),
(16, '323', 500, '', '300'),
(17, '324', 500, '', '300'),
(18, '325', 1000, '', '500'),
(19, '326', 1000, '', '500'),
(20, '327', 1000, '', '500'),
(21, '328', 1000, '', '500'),
(22, '329', 1000, '', '500'),
(23, '330', 1000, '', '500'),
(24, '331', 1000, '', '500'),
(25, '332', 1000, '', '500'),
(26, '341', 1000, '', '500'),
(27, '342', 1000, '', '500'),
(28, '343', 3500, '', '1000'),
(29, '344', 1000, '', '500'),
(30, '345', 3500, '', '1000'),
(31, '346', 500, '', '300'),
(32, '351', 1000, '', '500'),
(33, '352', 1000, '', '500'),
(34, '361', 3500, '', '1000'),
(35, '362', 1000, '', '500'),
(36, '363', 1000, '', '500'),
(37, '364', 1000, '', '500'),
(38, '365', 500, '', '300'),
(39, '366', 3500, '', '1000'),
(40, '367', 1000, '', '500'),
(41, '368', 3500, '', '1000'),
(42, '400', 3500, '', '1000'),
(43, '401', 3500, '', '1000'),
(44, '402', 3500, '', '1000'),
(45, '403', 1000, '', '500'),
(46, '404', 1000, '', '500'),
(47, '405', 3500, '', '1000'),
(48, '406', 3500, '', '1000'),
(49, '407', 1000, '', '500'),
(50, '408', 1000, '', '500'),
(51, '410', 1000, '', '500'),
(52, '415', 500, '', '300'),
(53, '416', 500, '', '300'),
(54, '420', 1000, '', '500'),
(55, '421', 1000, '', '500'),
(56, '422', 500, '', '300'),
(57, '430', 1000, '', '500'),
(58, '440', 500, '', '300'),
(59, '450', 1000, '', '500'),
(60, '451', 1000, '', '500'),
(61, '452', 500, '', '300'),
(62, '453', 500, '', '300'),
(63, '460', 1000, '', '500'),
(64, '470', 1000, '', '500'),
(65, '471', 1000, '', '500'),
(66, '472', 1000, '', '500'),
(67, '480', 500, '', '300'),
(68, '481', 1000, '', '500'),
(69, '495', 1000, '', '500'),
(70, '496', 500, '', '300'),
(71, '500', 500, '', '300'),
(72, '501', 500, '', '300'),
(73, '502', 500, '', '300'),
(74, '503', 500, '', '300'),
(75, '504', 500, '', '300'),
(76, '505', 500, '', '300'),
(77, '822', 500, '', '300'),
(78, '825', 1000, '', '500');

INSERT INTO `quantite` (`idP`, `quantite`, `estimation`) VALUES
(78, '1', 506.2),
(77, '2', 700),
(76, '1', 420),
(75, '2', 627.4),
(74, '1', 295.2),
(73, '2', 970),
(72, '1', 394.3),
(71, '2', 731.1),
(70, '1', 390),
(69, '2', 1884.3),
(68, '1', 579.1),
(67, '1', 360),
(66, '1', 839),
(65, '1', 905.2),
(64, '1', 479.1),
(63, '1', 570.6),
(62, '1', 400),
(61, '2', 749),
(60, '1', 622.8),
(59, '1', 869),
(58, '1', 422.1),
(57, '1', 433.1),
(56, '2', 762.9),
(55, '2', 1630.3),
(54, '2', 1115.5),
(53, '1', 310),
(52, '3', 1260),
(51, '1', 690),
(50, '2', 1399.1),
(49, '1', 880),
(48, '2', 3896.1),
(47, '2', 4199.2),
(46, '1', 683.5),
(45, '2', 1268.3),
(44, '1', 1735.2),
(43, '1', 2424.6),
(42, '1', 2258.9),
(41, '1', 822.4),
(40, '1', 980),
(39, '2', 5700),
(38, '1', 460),
(37, '1', 709.7),
(36, '2', 1544.9),
(35, '1', 665.3),
(34, '1', 2134.6),
(33, '1', 994.2),
(32, '1', 808),
(31, '1', 290),
(30, '2', 5229.4),
(29, '2', 1275.3),
(28, '2', 5422.4),
(27, '2', 1320.4),
(26, '1', 610.7),
(25, '2', 1312.1),
(24, '1', 709.5),
(23, '1', 511.6),
(22, '2', 1762.3),
(21, '1', 685.8),
(20, '2', 1173.6),
(19, '1', 445.3),
(18, '1', 519.4),
(17, '2', 783.5),
(16, '2', 769.5),
(15, '2', 1549.6),
(14, '1', 499.7),
(13, '2', 852.3),
(12, '1', 330),
(11, '1', 917.5),
(10, '2', 780.3),
(9, '2', 746.2),
(8, '1', 334.4),
(7, '2', 774.2),
(6, '1', 933.1),
(5, '1', 390),
(4, '1', 499.7),
(3, '2', 1334.1),
(2, '2', 4111.9),
(1, '2', 1287.9);

INSERT INTO `graphique` (`idP`, `valeur`, `date`) VALUES
(1, '1575.5', '2024-02-27 18:23:33'),
(1, '1563.0999755859375', '2024-02-27 18:23:40'),
(1, '1558.5999755859375', '2024-02-27 18:24:03'),
(1, '1554.0999755859375', '2024-02-27 18:26:05'),
(1, '1551.300048828125', '2024-02-27 18:26:12'),
(1, '1532.0999755859375', '2024-02-27 18:26:17'),
(1, '1529.5999755859375', '2024-02-27 18:26:28'),
(1, '1528', '2024-02-27 18:26:31'),
(1, '1505.699951171875', '2024-02-27 18:26:49'),
(1, '1504.800048828125', '2024-02-27 18:26:54'),
(1, '1493', '2024-02-27 18:26:58'),
(1, '1444.5999755859375', '2024-02-27 18:27:03'),
(1, '1439.4000244140625', '2024-02-27 18:27:09'),
(1, '1437.5', '2024-02-27 18:27:16'),
(1, '1431.0999755859375', '2024-02-27 18:27:23'),
(1, '1339.5', '2024-02-27 18:27:32'),
(1, '1322.0999755859375', '2024-02-27 18:27:34'),
(1, '1305.699951171875', '2024-02-27 18:27:39'),
(1, '1295.300048828125', '2024-02-27 18:27:44'),
(1, '1288.800048828125', '2024-02-27 18:29:36'),
(2, '798.5999755859375', '2024-02-28 11:53:44'),
(2, '806', '2024-02-28 11:53:35'),
(2, '804.7999877929688', '2024-02-28 11:53:39'),
(2, '1039.9000244140625', '2024-02-28 11:53:29'),
(2, '1040.5', '2024-02-28 11:53:21'),
(2, '1041.4000244140625', '2024-02-28 11:53:17'),
(2, '1043.199951171875', '2024-02-28 11:53:12'),
(2, '1045.800048828125', '2024-02-28 11:53:08'),
(2, '1194.9000244140625', '2024-02-28 11:53:01'),
(2, '1532.199951171875', '2024-02-28 11:52:54'),
(2, '1534.9000244140625', '2024-02-28 11:52:52'),
(2, '1535.5999755859375', '2024-02-28 11:52:48'),
(2, '1835.800048828125', '2024-02-28 11:52:41'),
(2, '1837.0999755859375', '2024-02-28 11:52:39'),
(3, '1524.699951171875', '2024-02-27 18:34:32'),
(3, '1524.0999755859375', '2024-02-27 18:34:37'),
(3, '1334.0999755859375', '2024-02-27 18:34:42'),
(4, '499.70001220703125', '2024-02-27 18:34:52'),
(6, '938.7999877929688', '2024-02-27 18:36:06'),
(6, '938.5', '2024-02-27 18:36:10'),
(7, '774.2000122070312', '2024-02-27 18:36:22'),
(8, '358.8999938964844', '2024-02-27 18:36:34'),
(8, '356.8999938964844', '2024-02-27 18:36:38'),
(8, '347.70001220703125', '2024-02-27 18:36:44'),
(8, '337.5', '2024-02-27 18:36:53'),
(8, '334.3999938964844', '2024-02-27 18:36:57'),
(9, '760', '2024-02-27 18:37:13'),
(9, '754.2000122070312', '2024-02-27 18:37:21'),
(9, '748.0999755859375', '2024-02-27 18:37:26'),
(9, '746.2000122070312', '2024-02-27 18:37:33'),
(10, '328.79998779296875', '2024-02-27 18:37:50'),
(10, '327.1000061035156', '2024-02-27 18:39:04'),
(10, '326.3999938964844', '2024-02-27 18:39:32'),
(10, '311.79998779296875', '2024-02-27 18:39:48'),
(10, '311', '2024-02-27 18:39:54'),
(10, '309.29998779296875', '2024-02-27 18:39:57'),
(10, '308.8999938964844', '2024-02-27 18:40:03'),
(10, '298.70001220703125', '2024-02-27 18:40:10'),
(10, '297.6000061035156', '2024-02-27 18:40:15'),
(10, '288.1000061035156', '2024-02-27 18:40:20'),
(10, '285.8999938964844', '2024-02-27 18:40:30'),
(10, '283', '2024-02-27 18:40:34'),
(10, '281.70001220703125', '2024-02-27 18:40:39'),
(11, '996.7000122070312', '2024-02-27 18:40:54'),
(11, '976.2000122070312', '2024-02-27 18:41:03'),
(11, '947.7999877929688', '2024-02-27 18:41:12'),
(11, '943.0999755859375', '2024-02-27 18:41:19'),
(11, '937.2000122070312', '2024-02-27 18:41:46'),
(11, '936.0999755859375', '2024-02-27 18:41:51'),
(11, '923.5', '2024-02-27 18:41:56'),
(13, '859.5999755859375', '2024-02-27 18:42:14'),
(13, '852.2999877929688', '2024-02-27 18:42:21'),
(14, '565.5', '2024-02-27 18:42:40'),
(14, '563.0999755859375', '2024-02-27 18:42:46'),
(14, '560.7000122070312', '2024-02-27 18:43:29'),
(14, '559.5', '2024-02-27 18:43:42'),
(14, '551.5999755859375', '2024-02-27 18:43:48'),
(14, '550.7999877929688', '2024-02-27 18:43:53'),
(14, '544.7000122070312', '2024-02-27 18:43:59'),
(14, '517', '2024-02-27 18:44:05'),
(14, '510.20001220703125', '2024-02-27 18:44:10'),
(15, '1573.199951171875', '2024-02-27 18:45:14'),
(15, '1549.5999755859375', '2024-02-27 18:45:22'),
(16, '840', '2024-02-27 18:45:35'),
(16, '837', '2024-02-27 18:45:37'),
(16, '836.7000122070312', '2024-02-27 18:45:44'),
(16, '833.4000244140625', '2024-02-27 18:45:52'),
(16, '832.2000122070312', '2024-02-27 18:46:00'),
(16, '831.7000122070312', '2024-02-27 18:46:03'),
(16, '829.2000122070312', '2024-02-27 18:46:10'),
(16, '826.7000122070312', '2024-02-27 18:46:15'),
(16, '824.7999877929688', '2024-02-27 18:46:21'),
(16, '769.5999755859375', '2024-02-27 18:46:26'),
(17, '787.5999755859375', '2024-02-27 18:50:45'),
(17, '783.5', '2024-02-27 18:50:54'),
(18, '870', '2024-02-27 18:51:39'),
(18, '661.2000122070312', '2024-02-27 18:51:49'),
(18, '586.5', '2024-02-27 18:52:01'),
(18, '527.5', '2024-02-27 18:52:06'),
(19, '467.20001220703125', '2024-02-27 18:53:44'),
(19, '446.29998779296875', '2024-02-27 18:54:01'),
(19, '446.1000061035156', '2024-02-27 18:54:08'),
(19, '445.29998779296875', '2024-02-27 18:54:16'),
(20, '643.5', '2024-02-27 18:54:35'),
(20, '623.4000244140625', '2024-02-27 18:55:17'),
(20, '440.29998779296875', '2024-02-27 18:55:23'),
(20, '412.1000061035156', '2024-02-27 18:55:29'),
(20, '173.60000610351562', '2024-02-27 18:55:34'),
(21, '860.5', '2024-02-27 18:56:43'),
(21, '857.4000244140625', '2024-02-27 18:56:51'),
(21, '840.2999877929688', '2024-02-27 18:57:01'),
(21, '835.0999755859375', '2024-02-27 18:57:12'),
(21, '817.7000122070312', '2024-02-27 18:57:20'),
(21, '809.9000244140625', '2024-02-27 18:57:53'),
(21, '802.0999755859375', '2024-02-27 18:57:57'),
(21, '778.4000244140625', '2024-02-27 18:58:06'),
(21, '774.2999877929688', '2024-02-27 18:58:14'),
(21, '757.9000244140625', '2024-02-27 18:58:20'),
(21, '709.2000122070312', '2024-02-27 18:58:29'),
(21, '707', '2024-02-27 18:58:40'),
(21, '704.7999877929688', '2024-02-27 18:58:52'),
(21, '704.2999877929688', '2024-02-27 18:58:59'),
(21, '697.9000244140625', '2024-02-27 18:59:06'),
(21, '694.9000244140625', '2024-02-27 18:59:13'),
(21, '691.7000122070312', '2024-02-27 18:59:19'),
(22, '1768.9000244140625', '2024-02-27 18:59:39'),
(22, '1762.300048828125', '2024-02-27 18:59:44'),
(23, '511.6000061035156', '2024-02-27 18:59:55'),
(24, '834.7999877929688', '2024-02-27 19:00:49'),
(24, '824.7000122070312', '2024-02-27 19:00:54'),
(24, '763.9000244140625', '2024-02-27 19:00:59'),
(24, '755.7999877929688', '2024-02-27 19:01:04'),
(24, '736.4000244140625', '2024-02-27 19:01:09'),
(24, '733.4000244140625', '2024-02-27 19:01:14'),
(24, '709.5', '2024-02-27 19:01:19'),
(25, '1312.0999755859375', '2024-02-27 19:08:02'),
(25, '1333.300048828125', '2024-02-27 19:07:52'),
(25, '1334.699951171875', '2024-02-27 19:07:49'),
(25, '1335.800048828125', '2024-02-27 19:07:39'),
(25, '1339.199951171875', '2024-02-27 19:07:32'),
(25, '1340', '2024-02-27 19:07:23'),
(25, '1346.4000244140625', '2024-02-27 19:07:18'),
(25, '1346.800048828125', '2024-02-27 19:07:14'),
(25, '1386.300048828125', '2024-02-27 19:07:09'),
(26, '622', '2024-02-27 19:10:33'),
(26, '667.7999877929688', '2024-02-27 19:10:26'),
(26, '679.2999877929688', '2024-02-27 19:10:18'),
(26, '679.5999755859375', '2024-02-27 19:10:11'),
(26, '680', '2024-02-27 19:09:51'),
(26, '610.7000122070312', '2024-02-27 19:10:39'),
(27, '1566.9000244140625', '2024-02-28 12:02:30'),
(27, '1581.0999755859375', '2024-02-28 12:02:23'),
(27, '1648.199951171875', '2024-02-28 12:02:04'),
(27, '1661.5999755859375', '2024-02-28 12:01:57'),
(27, '1662.199951171875', '2024-02-28 12:01:54'),
(27, '1662.5', '2024-02-28 12:01:48'),
(27, '1683.800048828125', '2024-02-28 12:01:43'),
(27, '1687', '2024-02-28 12:01:35'),
(27, '1687.9000244140625', '2024-02-28 12:01:28'),
(27, '1708', '2024-02-28 12:01:23'),
(29, '1370', '2024-02-27 19:22:23'),
(29, '1348.300048828125', '2024-02-27 19:22:33'),
(29, '1329.699951171875', '2024-02-27 19:22:40'),
(29, '1329.4000244140625', '2024-02-27 19:26:25'),
(29, '1310', '2024-02-27 19:26:34'),
(29, '1308.699951171875', '2024-02-27 19:26:43'),
(29, '1307.800048828125', '2024-02-27 19:26:49'),
(29, '1287.300048828125', '2024-02-27 19:26:55'),
(29, '1279.800048828125', '2024-02-27 19:27:03'),
(29, '1278.5999755859375', '2024-02-27 19:27:09'),
(29, '1275.300048828125', '2024-02-27 19:27:15'),
(32, '840.5999755859375', '2024-02-27 19:27:51'),
(32, '839.2000122070312', '2024-02-27 19:27:57'),
(32, '836.2999877929688', '2024-02-27 19:28:05'),
(32, '831.9000244140625', '2024-02-27 19:28:11'),
(32, '808', '2024-02-27 19:28:16'),
(33, '994.2000122070312', '2024-02-27 19:28:31'),
(35, '890.9000244140625', '2024-02-27 19:28:57'),
(35, '888.5', '2024-02-27 19:29:04'),
(35, '888', '2024-02-27 19:29:11'),
(35, '885.5999755859375', '2024-02-27 19:29:17'),
(35, '883.2000122070312', '2024-02-27 19:29:21'),
(35, '880.4000244140625', '2024-02-27 19:29:47'),
(35, '745.2000122070312', '2024-02-27 19:30:08'),
(35, '691.0999755859375', '2024-02-27 19:30:15'),
(35, '671.7999877929688', '2024-02-27 19:30:30'),
(35, '668.7000122070312', '2024-02-27 19:30:36'),
(35, '666.2999877929688', '2024-02-27 19:31:21'),
(35, '665.2999877929688', '2024-02-27 19:31:32'),
(36, '1690', '2024-02-27 19:34:32'),
(36, '1681.5999755859375', '2024-02-27 19:34:38'),
(36, '1678.0999755859375', '2024-02-27 19:34:44'),
(36, '1673.800048828125', '2024-02-27 19:34:49'),
(36, '1661.800048828125', '2024-02-27 19:34:55'),
(36, '1654.0999755859375', '2024-02-27 19:35:02'),
(36, '1652.199951171875', '2024-02-27 19:35:10'),
(36, '1620.5999755859375', '2024-02-27 19:35:19'),
(36, '1596.0999755859375', '2024-02-27 19:35:29'),
(36, '1586.9000244140625', '2024-02-27 19:35:34'),
(36, '1577.699951171875', '2024-02-27 19:35:44'),
(36, '1567.800048828125', '2024-02-27 19:35:51'),
(36, '1553', '2024-02-27 19:35:56'),
(36, '1543.800048828125', '2024-02-27 19:36:51'),
(36, '1563.2000732421875', '2024-02-27 19:37:46'),
(36, '1562.199951171875', '2024-02-27 19:37:58'),
(37, '883.5', '2024-02-27 19:39:19'),
(42, '3432.5', '2024-02-27 19:39:51'),
(42, '3278.89990234375', '2024-02-27 19:39:58'),
(42, '3276.800048828125', '2024-02-27 19:40:03'),
(42, '3077.60009765625', '2024-02-27 19:40:09'),
(42, '3014', '2024-02-27 19:40:14'),
(42, '2838', '2024-02-27 19:40:18'),
(42, '2722.89990234375', '2024-02-27 19:40:29'),
(42, '2412.800048828125', '2024-02-27 19:40:35'),
(42, '2389', '2024-02-27 19:40:41'),
(43, '3400', '2024-02-27 19:41:09'),
(43, '3348.5', '2024-02-27 19:41:17'),
(43, '3240.699951171875', '2024-02-27 19:41:23'),
(43, '3237', '2024-02-27 19:41:29'),
(43, '3234.5', '2024-02-27 19:41:36'),
(43, '3232', '2024-02-27 19:41:42'),
(43, '2800.60009765625', '2024-02-27 19:41:49'),
(43, '2541.800048828125', '2024-02-27 19:42:01'),
(43, '2502.60009765625', '2024-02-27 19:42:08'),
(43, '2472.60009765625', '2024-02-27 19:42:11'),
(43, '2475.10009765625', '2024-02-27 19:42:37'),
(44, '3010.800048828125', '2024-02-27 19:43:18'),
(44, '2612.60009765625', '2024-02-27 19:43:24'),
(44, '2150.800048828125', '2024-02-27 19:43:32'),
(44, '1873.699951171875', '2024-02-27 19:43:39'),
(44, '1865.5999755859375', '2024-02-27 19:43:44'),
(44, '1843.699951171875', '2024-02-27 19:43:50'),
(44, '1739.800048828125', '2024-02-27 19:43:56'),
(45, '1387.800048828125', '2024-02-27 19:47:02'),
(45, '1384.800048828125', '2024-02-27 19:47:09'),
(45, '1347.5999755859375', '2024-02-27 19:47:19'),
(45, '1314.4000244140625', '2024-02-27 19:47:29'),
(45, '1305.4000244140625', '2024-02-27 19:47:35'),
(46, '900', '2024-02-27 19:47:49'),
(46, '755.7000122070312', '2024-02-27 19:47:55'),
(46, '752.7000122070312', '2024-02-27 19:48:09'),
(46, '715.5', '2024-02-27 19:48:16'),
(46, '683.5', '2024-02-27 19:48:21'),
(50, '1622.9000244140625', '2024-02-27 19:48:54'),
(50, '1467.5999755859375', '2024-02-27 19:49:03'),
(50, '1399.0999755859375', '2024-02-27 19:49:10'),
(55, '1868.300048828125', '2024-02-27 19:49:39'),
(55, '1840.5', '2024-02-27 19:49:46'),
(55, '1673.5999755859375', '2024-02-27 19:49:58'),
(55, '1665.5', '2024-02-27 19:50:03'),
(55, '1630.300048828125', '2024-02-27 19:50:21'),
(56, '788.2000122070312', '2024-02-27 19:50:41'),
(56, '774.9000244140625', '2024-02-27 19:50:47'),
(56, '762.9000244140625', '2024-02-27 19:50:56'),
(57, '497.8999938964844', '2024-02-27 19:51:41'),
(57, '488.79998779296875', '2024-02-27 19:51:48'),
(57, '486.20001220703125', '2024-02-27 19:52:10'),
(57, '485.1000061035156', '2024-02-27 19:52:15'),
(57, '433.1000061035156', '2024-02-27 19:52:22'),
(58, '422.79998779296875', '2024-02-27 19:53:16'),
(58, '422.1000061035156', '2024-02-27 19:53:22'),
(59, '869', '2024-02-27 19:53:34'),
(60, '709.4000244140625', '2024-02-27 19:53:52'),
(60, '646.7999877929688', '2024-02-27 19:54:01'),
(60, '645.0999755859375', '2024-02-27 19:54:07'),
(60, '642.2000122070312', '2024-02-27 19:54:20'),
(60, '640.7999877929688', '2024-02-27 19:54:28'),
(60, '640.2999877929688', '2024-02-27 19:54:33'),
(60, '622.7999877929688', '2024-02-27 19:54:39'),
(61, '794.2000122070312', '2024-02-27 19:54:57'),
(61, '782.2000122070312', '2024-02-27 19:55:04'),
(61, '766.5', '2024-02-27 19:55:10'),
(61, '754.5', '2024-02-27 19:55:19'),
(61, '749', '2024-02-27 19:55:29'),
(63, '587.7999877929688', '2024-02-27 19:56:29'),
(63, '570.5999755859375', '2024-02-27 19:56:35'),
(65, '968.4000244140625', '2024-02-27 19:56:57'),
(65, '964.7000122070312', '2024-02-27 19:57:03'),
(65, '905.2000122070312', '2024-02-27 19:57:11'),
(66, '839', '2024-02-27 19:59:44'),
(68, '739.9000244140625', '2024-02-27 19:59:59'),
(68, '704.0999755859375', '2024-02-27 20:00:14'),
(68, '579.0999755859375', '2024-02-27 20:00:19'),
(69, '2000', '2024-02-27 20:00:33'),
(69, '1982.699951171875', '2024-02-27 20:00:45'),
(69, '1978.4000244140625', '2024-02-27 20:00:51'),
(69, '1974.0999755859375', '2024-02-27 20:01:06'),
(69, '1971.199951171875', '2024-02-27 20:01:14'),
(69, '1961.0999755859375', '2024-02-27 20:01:20'),
(69, '1949.800048828125', '2024-02-27 20:01:25'),
(69, '1934.800048828125', '2024-02-27 20:01:38'),
(69, '1922.4000244140625', '2024-02-27 20:01:44'),
(69, '1910', '2024-02-27 20:01:49'),
(69, '1899.4000244140625', '2024-02-27 20:02:01'),
(69, '1896.199951171875', '2024-02-27 20:02:09'),
(69, '1888.5999755859375', '2024-02-27 20:02:18'),
(69, '1904.5', '2024-02-27 20:03:43'),
(69, '1905.300048828125', '2024-02-27 20:04:14'),
(71, '800', '2024-02-27 20:04:30'),
(71, '793.9000244140625', '2024-02-27 20:04:35'),
(71, '763.2000122070312', '2024-02-27 20:04:40'),
(71, '745.2000122070312', '2024-02-27 20:04:45'),
(72, '409.3999938964844', '2024-02-27 20:05:08'),
(72, '394.29998779296875', '2024-02-27 20:05:14'),
(74, '314.70001220703125', '2024-02-27 20:05:35'),
(77, '700', '2024-02-27 20:05:52'),
(75, '746.7000122070312', '2024-02-27 20:06:13'),
(75, '687.0999755859375', '2024-02-27 20:06:19'),
(75, '627.4000244140625', '2024-02-27 20:06:35'),
(78, '582.2000122070312', '2024-02-27 20:06:57'),
(78, '506.20001220703125', '2024-02-27 20:07:01'),
(2, '1845', '2024-02-28 11:52:33'),
(2, '1845.4000244140625', '2024-02-28 11:52:31'),
(2, '1848', '2024-02-28 11:52:20'),
(2, '1848.5', '2024-02-28 11:52:16'),
(2, '1849.300048828125', '2024-02-28 11:52:10'),
(2, '1850.4000244140625', '2024-02-28 11:52:07'),
(2, '1853.0999755859375', '2024-02-28 11:52:00'),
(2, '1854.4000244140625', '2024-02-28 11:51:58'),
(2, '1855.800048828125', '2024-02-28 11:51:53'),
(2, '1868.800048828125', '2024-02-28 11:51:51'),
(2, '1871', '2024-02-28 11:51:46'),
(2, '1872.800048828125', '2024-02-28 11:51:41'),
(2, '2153.39990234375', '2024-02-28 11:51:36'),
(2, '2331.699951171875', '2024-02-28 11:51:30'),
(2, '2339.10009765625', '2024-02-28 11:51:25'),
(2, '2340.5', '2024-02-28 11:51:22'),
(2, '2341', '2024-02-28 11:51:19'),
(2, '2507.39990234375', '2024-02-28 11:51:08'),
(2, '2508.60009765625', '2024-02-28 11:51:06'),
(2, '2512.699951171875', '2024-02-28 11:51:03'),
(2, '2793.300048828125', '2024-02-28 11:50:55'),
(2, '2793.89990234375', '2024-02-28 11:50:51'),
(2, '2796.60009765625', '2024-02-28 11:50:48'),
(2, '2798.199951171875', '2024-02-28 11:50:44'),
(2, '2884.300048828125', '2024-02-28 11:50:38'),
(1, '1288.800048828125', '2024-02-28 11:49:14'),
(27, '1720', '2024-02-28 12:01:18'),
(2, '2890.39990234375', '2024-02-28 11:47:32'),
(2, '2899.199951171875', '2024-02-28 11:47:27'),
(2, '796.7000122070312', '2024-02-28 11:53:48'),
(27, '1566.5999755859375', '2024-02-28 12:02:35'),
(27, '1481.300048828125', '2024-02-28 12:02:43'),
(27, '1480.5', '2024-02-28 12:02:50'),
(27, '1479.9000244140625', '2024-02-28 12:02:58'),
(27, '1479.699951171875', '2024-02-28 12:03:02'),
(27, '1470.699951171875', '2024-02-28 12:03:10'),
(27, '1468.199951171875', '2024-02-28 12:03:16'),
(27, '1340.5', '2024-02-28 12:03:28'),
(27, '1339', '2024-02-28 12:03:34'),
(27, '1336', '2024-02-28 12:03:37'),
(27, '1320.4000244140625', '2024-02-28 12:03:43'),
(28, '6094.5', '2024-02-28 12:05:15'),
(28, '6089.39990234375', '2024-02-28 12:05:19'),
(28, '6069.60009765625', '2024-02-28 12:05:26'),
(28, '6063', '2024-02-28 12:05:31'),
(28, '5966.39990234375', '2024-02-28 12:05:38'),
(28, '5962.39990234375', '2024-02-28 12:05:47'),
(28, '5954', '2024-02-28 12:05:54'),
(28, '5946.89990234375', '2024-02-28 12:06:01'),
(28, '5850.2998046875', '2024-02-28 12:06:10'),
(28, '5847.5', '2024-02-28 12:06:15'),
(28, '5834.10009765625', '2024-02-28 12:06:22'),
(28, '5773', '2024-02-28 12:06:40'),
(28, '5643.5', '2024-02-28 12:06:45'),
(28, '5598.10009765625', '2024-02-28 12:06:51'),
(28, '5596.7001953125', '2024-02-28 12:06:56'),
(28, '5546.39990234375', '2024-02-28 12:07:04'),
(28, '5528.2001953125', '2024-02-28 12:07:09'),
(28, '5526.89990234375', '2024-02-28 12:07:14'),
(28, '5511.2998046875', '2024-02-28 12:07:21'),
(28, '5460.10009765625', '2024-02-28 12:07:26'),
(28, '5434.89990234375', '2024-02-28 12:07:32'),
(30, '6188.39990234375', '2024-02-28 12:08:43'),
(30, '6169.60009765625', '2024-02-28 12:08:49'),
(30, '6143.7001953125', '2024-02-28 12:08:54'),
(30, '6130.39990234375', '2024-02-28 12:09:04'),
(30, '6128.39990234375', '2024-02-28 12:09:13'),
(30, '6118.5', '2024-02-28 12:09:19'),
(30, '6103.2001953125', '2024-02-28 12:09:26'),
(30, '6084.5', '2024-02-28 12:09:32'),
(30, '6062.39990234375', '2024-02-28 12:09:38'),
(30, '6055.89990234375', '2024-02-28 12:09:44'),
(34, '7000', '2024-02-28 12:16:32'),
(30, '6045.10009765625', '2024-02-28 12:10:01'),
(30, '6037.10009765625', '2024-02-28 12:10:05'),
(30, '6004.5', '2024-02-28 12:10:12'),
(30, '5948.60009765625', '2024-02-28 12:10:17'),
(30, '5921.39990234375', '2024-02-28 12:10:22'),
(30, '5865.7998046875', '2024-02-28 12:10:33'),
(30, '5598.39990234375', '2024-02-28 12:10:41'),
(30, '5415.7001953125', '2024-02-28 12:10:46'),
(30, '5408', '2024-02-28 12:10:53'),
(30, '5349', '2024-02-28 12:10:56'),
(30, '5322.10009765625', '2024-02-28 12:11:04'),
(30, '5300.60009765625', '2024-02-28 12:11:09'),
(30, '5271.89990234375', '2024-02-28 12:11:15'),
(30, '5247.10009765625', '2024-02-28 12:11:22'),
(34, '6839', '2024-02-28 12:29:01'),
(30, '5233.39990234375', '2024-02-28 12:12:42'),
(34, '6806.7001953125', '2024-02-28 12:29:09'),
(34, '6791.7001953125', '2024-02-28 12:29:19'),
(34, '6741.2001953125', '2024-02-28 12:29:25'),
(34, '6735', '2024-02-28 12:29:30'),
(34, '5769.2001953125', '2024-02-28 12:29:39'),
(34, '5750', '2024-02-28 12:29:48'),
(34, '5743.60009765625', '2024-02-28 12:29:54'),
(34, '5710.2998046875', '2024-02-28 12:30:01'),
(34, '5697.39990234375', '2024-02-28 12:30:07'),
(34, '5688.7998046875', '2024-02-28 12:30:15'),
(34, '5687', '2024-02-28 12:30:22'),
(34, '5189.60009765625', '2024-02-28 12:30:32'),
(34, '5184.7998046875', '2024-02-28 12:30:39'),
(34, '5120.7001953125', '2024-02-28 12:30:45'),
(34, '4267.7001953125', '2024-02-28 12:30:52'),
(34, '3853.199951171875', '2024-02-28 12:30:58'),
(34, '3783', '2024-02-28 12:31:04'),
(34, '3712.39990234375', '2024-02-28 12:31:10'),
(34, '3703.5', '2024-02-28 12:31:16'),
(34, '3602.60009765625', '2024-02-28 12:31:23'),
(34, '3585.800048828125', '2024-02-28 12:31:29'),
(34, '2937.699951171875', '2024-02-28 12:31:40'),
(34, '2809.89990234375', '2024-02-28 12:31:46'),
(34, '2803.60009765625', '2024-02-28 12:32:31'),
(34, '2801.39990234375', '2024-02-28 12:32:36'),
(34, '2766.60009765625', '2024-02-28 12:32:42'),
(34, '2765.5', '2024-02-28 12:32:46'),
(34, '2742.39990234375', '2024-02-28 12:32:51'),
(34, '2701.199951171875', '2024-02-28 12:32:56'),
(34, '2362.300048828125', '2024-02-28 12:33:04'),
(34, '2285.60009765625', '2024-02-28 12:33:12'),
(34, '2250.199951171875', '2024-02-28 12:33:17'),
(34, '2235.60009765625', '2024-02-28 12:33:55'),
(34, '2139.60009765625', '2024-02-28 12:34:02'),
(34, '2136.5', '2024-02-28 12:34:08'),
(41, '2794.10009765625', '2024-02-28 12:34:51'),
(41, '2722.199951171875', '2024-02-28 12:34:58'),
(41, '2602.39990234375', '2024-02-28 12:35:05'),
(41, '2503.699951171875', '2024-02-28 12:35:19'),
(41, '2411.699951171875', '2024-02-28 12:35:24'),
(41, '2051.10009765625', '2024-02-28 12:35:30'),
(41, '1983.9000244140625', '2024-02-28 12:35:36'),
(41, '1928', '2024-02-28 12:35:41'),
(41, '1674.5', '2024-02-28 12:35:51'),
(41, '1597', '2024-02-28 12:35:57'),
(41, '1530.5', '2024-02-28 12:36:02'),
(41, '1240', '2024-02-28 12:36:10'),
(41, '949.5', '2024-02-28 12:36:14'),
(41, '887.0999755859375', '2024-02-28 12:36:21'),
(47, '3096.39990234375', '2024-02-28 12:37:00'),
(47, '3078.300048828125', '2024-02-28 12:37:05'),
(47, '3016.300048828125', '2024-02-28 12:37:10'),
(47, '2913', '2024-02-28 12:37:39'),
(47, '2801.10009765625', '2024-02-28 12:37:49'),
(47, '2692.89990234375', '2024-02-28 12:37:56'),
(47, '2622.800048828125', '2024-02-28 12:38:07'),
(47, '2522.89990234375', '2024-02-28 12:38:14'),
(47, '2509.699951171875', '2024-02-28 12:38:19'),
(47, '2496.5', '2024-02-28 12:38:27'),
(47, '2397.800048828125', '2024-02-28 12:38:37'),
(47, '2372.89990234375', '2024-02-28 12:38:44'),
(47, '1975.5999755859375', '2024-02-28 12:39:05'),
(47, '1810.0999755859375', '2024-02-28 12:39:12'),
(47, '1739.9000244140625', '2024-02-28 12:39:18'),
(47, '1729.699951171875', '2024-02-28 12:39:22'),
(47, '1712.199951171875', '2024-02-28 12:39:30'),
(47, '1703.699951171875', '2024-02-28 12:39:35'),
(47, '1684.699951171875', '2024-02-28 12:39:44'),
(47, '1676.5', '2024-02-28 12:39:50'),
(47, '1330.5', '2024-02-28 12:40:02'),
(47, '1272.800048828125', '2024-02-28 12:40:19'),
(47, '1250.199951171875', '2024-02-28 12:40:24'),
(47, '1143.0999755859375', '2024-02-28 12:40:30'),
(47, '1088.4000244140625', '2024-02-28 12:40:41'),
(47, '1003.5999755859375', '2024-02-28 12:40:46'),
(47, '920.2999877929688', '2024-02-28 12:40:52'),
(47, '891.5999755859375', '2024-02-28 12:40:58'),
(47, '887.5', '2024-02-28 12:41:05'),
(47, '767', '2024-02-28 12:41:12'),
(54, '1930', '2024-02-28 12:44:55'),
(47, '699.2000122070312', '2024-02-28 12:42:48'),
(54, '1928.300048828125', '2024-02-28 12:45:00'),
(54, '1795.699951171875', '2024-02-28 12:45:08'),
(54, '1751.699951171875', '2024-02-28 12:45:11'),
(54, '1715.0999755859375', '2024-02-28 12:45:41'),
(54, '1469', '2024-02-28 12:45:49'),
(54, '1451.800048828125', '2024-02-28 12:45:53'),
(54, '1310.4000244140625', '2024-02-28 12:45:59'),
(54, '1269.0999755859375', '2024-02-28 12:46:05'),
(54, '1227.800048828125', '2024-02-28 12:46:12'),
(54, '1202.0999755859375', '2024-02-28 12:46:18'),
(54, '1181', '2024-02-28 12:46:24'),
(54, '1151.5', '2024-02-28 12:46:29'),
(54, '1123.9000244140625', '2024-02-28 12:46:36'),
(64, '886.2999877929688', '2024-02-28 12:49:50'),
(64, '921', '2024-02-28 12:49:46'),
(54, '1115.5', '2024-02-28 12:48:06'),
(64, '851.5999755859375', '2024-02-28 12:49:56'),
(64, '850.5999755859375', '2024-02-28 12:50:02'),
(64, '823.2000122070312', '2024-02-28 12:50:07'),
(64, '817.4000244140625', '2024-02-28 12:50:14'),
(64, '790.5', '2024-02-28 12:50:21'),
(64, '668.5999755859375', '2024-02-28 12:50:27'),
(64, '600.7999877929688', '2024-02-28 12:50:32'),
(64, '575.5999755859375', '2024-02-28 12:50:40'),
(64, '532.4000244140625', '2024-02-28 12:50:45'),
(64, '511.3999938964844', '2024-02-28 12:50:50'),
(64, '479.1000061035156', '2024-02-28 12:50:54'),
(48, '6496.7998046875', '2024-02-28 13:07:18'),
(48, '6463.10009765625', '2024-02-28 13:07:23'),
(48, '6428.10009765625', '2024-02-28 13:07:50'),
(48, '6364.7998046875', '2024-02-28 13:07:56'),
(48, '6361.7998046875', '2024-02-28 13:08:04'),
(48, '6241.7001953125', '2024-02-28 13:08:09'),
(48, '6044.10009765625', '2024-02-28 13:08:15'),
(48, '6021.39990234375', '2024-02-28 13:08:20'),
(48, '6013.7998046875', '2024-02-28 13:08:28'),
(48, '6012.2001953125', '2024-02-28 13:08:34'),
(48, '5958.2001953125', '2024-02-28 13:08:50'),
(48, '5946.39990234375', '2024-02-28 13:08:55'),
(48, '5938.60009765625', '2024-02-28 13:09:02'),
(48, '5652.7001953125', '2024-02-28 13:09:09'),
(48, '5520.2001953125', '2024-02-28 13:09:16'),
(48, '5476.60009765625', '2024-02-28 13:09:21'),
(48, '5475', '2024-02-28 13:10:01'),
(48, '5426.2001953125', '2024-02-28 13:10:07'),
(48, '5401.5', '2024-02-28 13:10:13'),
(48, '5398.2998046875', '2024-02-28 13:10:18'),
(48, '5240', '2024-02-28 13:10:30'),
(48, '5174', '2024-02-28 13:10:34'),
(48, '5057.10009765625', '2024-02-28 13:10:41'),
(48, '4979.2001953125', '2024-02-28 13:10:46'),
(48, '4952.7998046875', '2024-02-28 13:10:59'),
(48, '4839.7001953125', '2024-02-28 13:11:04'),
(48, '4784.60009765625', '2024-02-28 13:11:09'),
(48, '4711.7998046875', '2024-02-28 13:11:15'),
(48, '4675', '2024-02-28 13:11:27'),
(48, '4666.7001953125', '2024-02-28 13:11:35'),
(48, '4471.2998046875', '2024-02-28 13:11:43'),
(48, '4384.89990234375', '2024-02-28 13:11:51'),
(48, '4171.7998046875', '2024-02-28 13:11:57'),
(48, '4033.599853515625', '2024-02-28 17:30:38'),
(43, '2424.60009765625', '2024-02-28 17:30:38'),
(69, '1900', '2024-02-28 17:30:38'),
(30, '5230', '2024-02-28 17:30:38'),
(11, '921.9000244140625', '2024-02-28 17:30:38'),
(1, '1287.9000244140625', '2024-02-28 17:30:38'),
(37, '764.9000244140625', '2024-02-28 17:35:13'),
(41, '822.3999633789062', '2024-02-28 17:35:13'),
(18, '519.4000244140625', '2024-02-28 17:35:13'),
(6, '933.0999755859375', '2024-02-28 17:35:13'),
(2, '793.5', '2024-02-28 17:35:13'),
(2, '612.2999877929688', '2024-02-28 17:36:45'),
(36, '1544.89990234375', '2024-02-28 17:36:45'),
(10, '280.3000183105469', '2024-02-28 17:36:45'),
(28, '5434.7998046875', '2024-02-28 17:36:45'),
(37, '709.7000122070312', '2024-02-28 17:37:49'),
(48, '4001.2998046875', '2024-02-28 17:37:49'),
(74, '295.20001220703125', '2024-02-28 17:37:49'),
(71, '731.1000366210938', '2024-02-28 17:37:49'),
(28, '5422.39990234375', '2024-02-28 17:37:49'),
(14, '499.70001220703125', '2024-02-28 17:37:49'),
(21, '685.7999877929688', '2024-02-28 17:37:49'),
(42, '2258.89990234375', '2024-02-28 17:38:58'),
(69, '1891.4000244140625', '2024-02-28 17:38:58'),
(44, '1735.2000732421875', '2024-02-28 17:38:58'),
(11, '917.5', '2024-02-28 17:38:58'),
(34, '2134.60009765625', '2024-02-28 17:38:58'),
(2, '611.8999633789062', '2024-02-28 17:38:58'),
(47, '4199.2001953125', '2024-03-01 10:43:27'),
(2, '4111.89990234375', '2024-03-01 10:43:32'),
(10, '780.300048828125', '2024-03-01 10:43:40'),
(20, '1173.5999755859375', '2024-03-01 10:43:49'),
(48, '3896.099853515625', '2024-03-01 20:08:34'),
(45, '1268.300048828125', '2024-03-01 20:08:34'),
(69, '1884.300048828125', '2024-03-01 20:08:34'),
(30, '5229.39990234375', '2024-03-01 20:08:34');